,Total_name,Motif,Strandness,relative_fold,relative_fold_median,Ranksum_statistic,Ranksum_P_value,Corrected_pvalue,N_with_motif,N_without_motif,Significant
321,GAL80_f,GAL80,Forward,1.6272535630159872,2.094896476035332,1.6736032835148669,0.09420859278106516,1.0,4,46064,No
488,SNT2_r,SNT2,Reverse,1.5390311928135836,2.2397302182882997,1.749010160722941,0.08028926307560443,1.0,16,46052,No
96,SNT2,SNT2,Both,1.34011691975871,1.6767707078960603,1.7176694114041837,0.08585693175221927,1.0,26,46042,No
125,GAL80,GAL80,Both,1.2734144908529412,1.754521428721465,1.1636534768984876,0.24456447023370143,1.0,7,46061,No
469,GAL4_r,GAL4,Reverse,1.1755516136160225,1.15164053402107,1.238678260922443,0.21546467251250612,1.0,62,46006,No
476,IXR1_r,IXR1,Reverse,1.157116182168971,1.1976408398231202,0.7772084461436953,0.43703579990741637,1.0,27,46041,No
77,GAL4,GAL4,Both,1.1562664833668028,1.0599964511380435,1.4231689984315996,0.1546871702883037,1.0,85,45983,No
516,CUP2_r,CUP2,Reverse,1.154557234140388,0.9778407846259501,-0.5672046555322717,0.5705751454120622,1.0,236,45832,No
556,CEP3_r,CEP3,Reverse,1.1211270141436878,1.0524254260203383,0.5046647357986035,0.6137943333289322,1.0,27,46041,No
581,TEA1_r,TEA1,Reverse,1.1207054654188904,1.1480446190702762,0.7594091825849476,0.44760782219866746,1.0,16,46052,No
546,RPN4_r,RPN4,Reverse,1.1206823225068332,1.099499186984622,2.633419430212166,0.008452988839572552,0.9940714875337321,334,45734,No
482,RFX1_r,RFX1,Reverse,1.1193391711192282,1.145588209974167,1.7626984460918864,0.07795136299158995,1.0,93,45975,No
332,YDR026C_f,YDR026C,Forward,1.1157649770003175,1.224192557760441,1.6879214075944562,0.09142631661411872,1.0,99,45969,No
124,CUP2,CUP2,Both,1.1034761280854863,0.9945315941846741,-0.17105418899001545,0.8641811567755391,1.0,341,45727,No
522,ORC1_r,ORC1,Reverse,1.0971567530882649,1.274142005643808,1.238707082323294,0.21545399492332096,1.0,32,46036,No
495,URC2_r,URC2,Reverse,1.0906510182600677,1.2482322220200925,1.0097664884117268,0.31260717914991853,1.0,38,46030,No
84,IXR1,IXR1,Both,1.0855073386506033,0.9973806163772686,-0.14216683700908828,0.8869482259138564,1.0,48,46020,No
136,YDR026C,YDR026C,Both,1.0718606796189667,1.139614779865317,1.6020792314930004,0.1091380899484955,1.0,206,45862,No
334,CAD1_f,CAD1,Forward,1.0704774926430294,0.9914947374043719,1.0240802474120771,0.30579737328003476,1.0,668,45400,No
584,YLL054C_r,YLL054C,Reverse,1.0680329012812602,1.1424338722770093,1.8478588861387777,0.06462275955331682,1.0,293,45775,No
235,MIG1_f,MIG1,Forward,1.067586494820566,0.995343130984976,-0.3795474391393154,0.7042813834663182,1.0,66,46002,No
271,AZF1_f,AZF1,Forward,1.0673828108307066,0.983718283104415,-0.1796145355637509,0.8574551925428683,1.0,252,45816,No
75,AZF1,AZF1,Both,1.0670157857676297,0.9942470249332782,-0.0752922265238926,0.9399822062634822,0.9940819015879991,269,45799,No
527,YAP1_r,YAP1,Reverse,1.06439841447342,1.0517472001121446,1.721669826549225,0.08512934621124536,1.0,318,45750,No
192,YLL054C,YLL054C,Both,1.0635468675303419,1.0986720918479072,1.7048716070327066,0.08821837281475892,1.0,330,45738,No
130,ORC1,ORC1,Both,1.0630404380012872,1.0485172679685393,0.7879891589801978,0.4307030471470763,1.0,410,45658,No
467,AZF1_r,AZF1,Reverse,1.0608244876280783,1.4525796834596025,0.3910903914208114,0.6957304227135889,1.0,17,46051,No
135,YAP1,YAP1,Both,1.0605972311839942,1.038451647145847,1.7757265443839185,0.07577800003607642,1.0,594,45474,No
326,ORC1_f,ORC1,Forward,1.0600339116634985,1.0438246371656643,0.4586054339874146,0.6465175337174894,1.0,378,45690,No
328,STB4_f,STB4,Forward,1.0583362273500505,0.992598629974201,0.8446187396538329,0.3983237426845635,1.0,174,45894,No
330,UME6_f,UME6,Forward,1.0564263867336816,1.0240232493696628,1.0718704794645912,0.28377821120059443,1.0,124,45944,No
238,PPR1_f,PPR1,Forward,1.0500146908863757,1.1024156652633805,1.6453913850892523,0.09988912498908668,1.0,271,45797,No
331,YAP1_f,YAP1,Forward,1.0500106984090571,0.9869906893581777,0.5145805829384895,0.6068461364390197,1.0,287,45781,No
239,RGM1_f,RGM1,Forward,1.0483556540773087,1.0653834966443265,0.5584558816088383,0.5765331229268045,1.0,69,45999,No
309,MCM1_f,MCM1,Forward,1.046468650887922,1.1604423448151666,1.8655777264564664,0.062100468274311274,1.0,209,45859,No
138,CAD1,CAD1,Both,1.0464445217998117,0.9947793074002529,0.8440211450238408,0.3986575898195034,1.0,1214,44854,No
388,YLL054C_f,YLL054C,Forward,1.0457297498854599,1.0710782179746687,1.4375723383291141,0.15055543419167997,1.0,288,45780,No
134,UME6,UME6,Both,1.045048849282481,1.0829814721282687,1.0375706410578749,0.29946999216823855,1.0,358,45710,No
273,GAL4_f,GAL4,Forward,1.0435560116362874,1.0089758172389887,-0.023997931563912972,0.9808542586059595,1.0,37,46031,No
454,RIM101_r,RIM101,Reverse,1.0405454651222275,1.0411521709664062,0.15609725672580468,0.8759563606739443,1.0,307,45761,No
520,INO4_r,INO4,Reverse,1.0395094488119871,1.0462154419696432,1.0909194072151585,0.27530834670154924,1.0,772,45296,No
526,UME6_r,UME6,Reverse,1.038749628473655,1.087096009529041,0.5004246435505714,0.616776104660519,1.0,234,45834,No
339,GCR1_f,GCR1,Forward,1.0387177912744747,1.0262056740154542,0.7886992999671938,0.43028777717207756,1.0,855,45213,No
323,HSF1_f,HSF1,Forward,1.0375658851546878,1.0273706953512376,1.1032958816631762,0.2698986944931482,1.0,263,45805,No
42,PPR1,PPR1,Both,1.036551654792614,1.1208782539727495,1.774874026470297,0.0759186898242522,1.0,441,45627,No
456,SPT2_r,SPT2,Reverse,1.0360251653242498,1.0280438286592553,2.044973335406565,0.04085748699063429,1.0,3032,43036,No
451,MSN2_r,MSN2,Reverse,1.0350235689828342,1.0718205408466834,1.3821738872832858,0.16691831589382589,1.0,613,45455,No
561,GAT4_r,GAT4,Reverse,1.034873208580999,0.9783237786744408,0.3396627556151629,0.734110512571205,1.0,1647,44421,No
406,REB1_r,REB1,Reverse,1.0346707705737763,1.0196498842220816,0.7288605279892302,0.4660869819728717,1.0,1141,44927,No
473,HAC1_r,HAC1,Reverse,1.0345409592236199,1.0437723962200822,1.2961018528418402,0.19494039673278007,1.0,428,45640,No
528,YDR026C_r,YDR026C,Reverse,1.034398897064163,1.035794545966845,0.6837414742715453,0.49413842910163774,1.0,108,45960,No
129,MATALPHA2,MATALPHA2,Both,1.0343942561677684,1.0328871544866358,1.7977610105811381,0.07221488843501074,1.0,2334,43734,No
228,ACA1_f,ACA1,Forward,1.0340034663559516,1.028677863256837,-0.16595047060761495,0.8681959283145927,1.0,67,46001,No
521,MATALPHA2_r,MATALPHA2,Reverse,1.033799714844511,1.0235760654041803,1.1239956309828945,0.2610148794181052,1.0,1515,44553,No
562,HAL9_r,HAL9,Reverse,1.0335609399267438,1.0565851047323898,1.9056427591588416,0.05669657048777534,1.0,1006,45062,No
563,LYS14_r,LYS14,Reverse,1.0332007499965459,0.98970887820301,0.1277428168575086,0.8983525046960285,1.0,1806,44262,No
234,FKH1_f,FKH1,Forward,1.0322738542808014,1.0231175457450243,1.662648895553631,0.09638273746437562,1.0,3129,42939,No
243,WAR1_f,WAR1,Forward,1.0315682395636658,1.0633987241485405,0.8427836693440031,0.3993494429267418,1.0,137,45931,No
325,MATALPHA2_f,MATALPHA2,Forward,1.030939617447482,1.0557771516985264,1.3945511538741076,0.16315123360066575,1.0,891,45177,No
420,YNR063W_r,YNR063W,Reverse,1.0305061587440312,1.035455102636523,1.793225200489197,0.0729369221145197,1.0,3652,42416,No
384,TBS1_f,TBS1,Forward,1.0303236662592639,1.0914546685550433,1.1693678901616649,0.2422554410332426,1.0,448,45620,No
461,UME1_r,UME1,Reverse,1.0300352345571249,1.052471070483035,1.243776684686453,0.21358176366689763,1.0,939,45129,No
32,ACA1,ACA1,Both,1.0294626427300837,1.0791144723438582,1.0760984471493462,0.28188323008564853,1.0,203,45865,No
14,REB1,REB1,Both,1.0294015557926217,1.012666383499914,1.0392402604964235,0.29869301053295094,1.0,1912,44156,No
355,YAP7_f,YAP7,Forward,1.0287602063630705,1.0106399875318965,0.8370067025129153,0.402588800568053,1.0,1843,44225,No
212,RSC30_f,RSC30,Forward,1.028374580230604,1.05583418335657,2.067805437864587,0.038658322152522566,1.0,2518,43550,No
154,RPN4,RPN4,Both,1.0282118840000396,1.0433848877345404,1.4772630495003405,0.13960513872946892,1.0,1069,44999,No
44,RTG1,RTG1,Both,1.028171419106176,1.0730959021297957,1.419641726607771,0.15571201109678331,1.0,484,45584,No
169,GAT4,GAT4,Both,1.0278163105074243,0.9703598824821114,0.4159607371736873,0.6774387339373047,1.0,2307,43761,No
240,RTG1_f,RTG1,Forward,1.0277836651095218,1.173927901667153,1.518914509990457,0.12878401618882712,1.0,291,45777,No
279,IME1_f,IME1,Forward,1.0274405684636765,1.055842664730484,0.5202977027844188,0.6028560967740038,1.0,167,45901,No
424,ACA1_r,ACA1,Reverse,1.0271336083209475,1.1125934061628198,1.4303187395830474,0.15262555875909736,1.0,136,45932,No
171,LYS14,LYS14,Both,1.0263438671833787,0.9980483591455894,0.939882018709029,0.34727808166183505,1.0,3146,42922,No
405,PDR8_r,PDR8,Reverse,1.0247558816956606,1.0071045655580497,0.7054984138414422,0.48050011869378717,1.0,6509,39559,No
541,MET31_r,MET31,Reverse,1.024330531029358,1.0196699970183756,0.8413425218346261,0.4001560756495569,1.0,503,45565,No
143,GCR1,GCR1,Both,1.0239388364123387,1.02704178122897,0.6947993980763998,0.4871810254700638,1.0,1797,44271,No
365,GAT4_f,GAT4,Forward,1.0236901386343145,0.9495383635941905,-0.3725010927597727,0.709519798537462,1.0,1407,44661,No
373,OAF1_f,OAF1,Forward,1.0230943077603425,0.9990286396116143,0.45570372424592615,0.6486030435399757,1.0,3428,42640,No
583,YKL222C_r,YKL222C,Reverse,1.0226322496347748,1.0028261594795784,1.0424571413017365,0.29719978604094344,1.0,2894,43174,No
506,MET28_r,MET28,Reverse,1.0221816817468241,1.04871890513034,1.2014717124960883,0.22956827297898885,1.0,799,45269,No
375,RDR1_f,RDR1,Forward,1.022036317285267,1.0386470520271833,1.83482716096269,0.06653130285212631,1.0,2062,44006,No
275,GCR2_f,GCR2,Forward,1.0219131605360885,1.0188583679964307,1.1018211915311482,0.2705394155351457,1.0,3266,42802,No
447,GLN3_r,GLN3,Reverse,1.021699056306204,1.0565958219914053,2.437083205835463,0.01480627199475678,1.0,4043,42025,No
292,SNT2_f,SNT2,Forward,1.0216510936710714,1.2297690518980025,0.5569793919598331,0.5775415094132621,1.0,10,46058,No
444,NRG2_r,NRG2,Reverse,1.0212933049878243,1.0105763817345026,0.49423768194741896,0.6211383303862692,1.0,3016,43052,No
371,NHP6A_f,NHP6A,Forward,1.0209580771591371,0.9963796604647306,0.6024798759884934,0.546854754755433,1.0,6643,39425,No
542,NRG1_r,NRG1,Reverse,1.0209494368051082,0.9768312373641532,-0.14142252277623785,0.8875361624796412,1.0,2494,43574,No
159,YAP7,YAP7,Both,1.020148782303255,1.0142631732105336,1.1507312396212441,0.2498428203812938,1.0,3217,42851,No
227,YPR196W_f,YPR196W,Forward,1.0201387532728736,1.0131234563490668,1.939935581022026,0.05238751923027861,1.0,14143,31925,No
62,RIM101,RIM101,Both,1.0200884153709653,1.0354021974947492,-0.03334476889036281,0.9733996531807785,1.0,497,45571,No
252,HAP4_f,HAP4,Forward,1.019686252783286,1.0516218114554414,1.1011566582063546,0.27082848145328475,1.0,1403,44665,No
337,ERT1_f,ERT1,Forward,1.0196770130140371,0.9929263702900973,0.4184296149790357,0.6756330376941345,1.0,6487,39581,No
348,RLM1_f,RLM1,Forward,1.0195516494846877,1.0048488038259633,0.6101555040318847,0.5417588020155479,1.0,2200,43868,No
380,STB3_f,STB3,Forward,1.0192505101904537,0.9431255908017033,-0.24513876828823516,0.806348985756464,1.0,268,45800,No
367,LYS14_f,LYS14,Forward,1.0191272686952773,1.0089268728952756,1.3364779916710225,0.1813930893300879,1.0,1400,44668,No
570,PHO2_r,PHO2,Reverse,1.019102351545898,1.0042957346404155,0.8398063776322738,0.4010169570139498,1.0,8825,37243,No
547,SIP4_r,SIP4,Reverse,1.0185992987984684,0.9797424543593122,0.44271907024657786,0.6579689469584351,1.0,116,45952,No
530,CAD1_r,CAD1,Reverse,1.0184060753171116,0.9916103503709887,0.14282989796222148,0.8864245239986509,1.0,611,45457,No
436,RTG1_r,RTG1,Reverse,1.0177584755613895,0.9867009513077105,0.1578526932261198,0.8745728759274837,1.0,196,45872,No
508,PDR3_r,PDR3,Reverse,1.0174407086545283,1.034883251440522,1.360431626466819,0.17369337596550605,1.0,3129,42939,No
445,ROX1_r,ROX1,Reverse,1.017318427562275,1.0155221539578845,1.4249407115367578,0.15417434004518102,1.0,28209,17859,No
179,RDR1,RDR1,Both,1.017276178875046,1.047689040694244,2.059717035699608,0.03942559985059985,1.0,3212,42856,No
322,HAP5_f,HAP5,Forward,1.0168683571572688,1.0523732898323994,1.5212542435899958,0.12819604788255262,1.0,1716,44352,No
515,YAP5_r,YAP5,Reverse,1.01684237106519,1.0436595050224453,0.9972929823316233,0.3186223190618317,1.0,1184,44884,No
419,YLR278C_r,YLR278C,Reverse,1.0166950696075587,1.02026580083461,1.7867043958835018,0.07398527823402402,1.0,8978,37090,No
544,RLM1_r,RLM1,Reverse,1.0165907380383794,0.9808257068480866,-0.05149069596848451,0.9589345155598686,1.0,2196,43872,No
304,ARR1_f,ARR1,Forward,1.0165836932447212,1.0080780763335357,0.6983038933336169,0.4849871649423668,1.0,7317,38751,No
152,RLM1,RLM1,Both,1.016481672141991,0.9963900364190957,0.2928495560417799,0.7696371476327359,1.0,2983,43085,No
200,EDS1_f,EDS1,Forward,1.0160726589480171,1.0089304376636263,1.2979075942838274,0.19431909013819915,1.0,3364,42704,No
16,RSC30,RSC30,Both,1.0158149533133622,1.0361800772720249,1.429299470877019,0.1529181780302354,1.0,3964,42104,No
64,SPT2,SPT2,Both,1.015638475712961,0.995825326061852,0.8215044789856271,0.41135897389180287,1.0,6345,39723,No
69,UME1,UME1,Both,1.015628493657128,1.011184091122263,0.8739586941922657,0.38214074870045434,1.0,1553,44515,No
214,RSF2_f,RSF2,Forward,1.0151303725745866,0.9846783143217437,0.5195623392856716,0.6033686527623537,1.0,978,45090,No
210,REB1_f,REB1,Forward,1.0149320839502949,0.9913867703920379,0.43982059292863324,0.6600670515666515,1.0,802,45266,No
493,SWI6_r,SWI6,Reverse,1.014923244191583,1.0275116434231335,1.9715496287557224,0.048661042242110056,1.0,6869,39199,No
202,FZF1_f,FZF1,Forward,1.0148431266690863,1.066005158162001,1.4942947933853434,0.13509858540991695,1.0,1013,45055,No
196,ABF2_f,ABF2,Forward,1.0147596950250302,1.025579640925049,1.9190375996922828,0.0549795755597171,1.0,7869,38199,No
0,ABF2,ABF2,Both,1.0147596950250302,1.025579640925049,1.9190375996922828,0.0549795755597171,1.0,7869,38199,No
392,ABF2_r,ABF2,Reverse,1.0147596950250302,1.025579640925049,1.9190375996922828,0.0549795755597171,1.0,7869,38199,No
170,HAL9,HAL9,Both,1.0146116552876805,1.0386977808546742,1.1684795289307763,0.2426133919209622,1.0,1258,44810,No
128,INO4,INO4,Both,1.0145884093291389,1.0242146850553697,0.7893564817714417,0.4299036833568344,1.0,1456,44612,No
416,USV1_r,USV1,Reverse,1.0144392696129905,1.0293489075225712,1.3743413854294986,0.16933572384430817,1.0,3753,42315,No
434,PPR1_r,PPR1,Reverse,1.013718000893958,1.13305667305754,0.7856328653579543,0.43208260446039903,1.0,171,45897,No
586,YPR015C_r,YPR015C,Reverse,1.013566356207352,1.0235114128716123,0.4922934102933254,0.6225119379192641,1.0,246,45822,No
211,REI1_f,REI1,Forward,1.0133528756432708,1.009787081603161,0.28014943658878866,0.7793628576559233,1.0,1417,44651,No
344,MBP1_f,MBP1,Forward,1.0132252270381334,1.0137945214267423,1.4684845268605493,0.1419726562188679,1.0,4529,41539,No
293,SPT23_f,SPT23,Forward,1.0130372353650567,0.9896180194660762,-0.2746198990188056,0.7836082767202198,1.0,7088,38980,No
417,YER130C_r,YER130C,Reverse,1.0127872694038444,1.0094788849223626,0.9659633487186381,0.3340625212603212,1.0,7422,38646,No
219,TOS8_f,TOS8,Forward,1.0124300058203248,1.0143413108569503,1.8370822322430354,0.06619775671865238,1.0,14512,31556,No
141,ERT1,ERT1,Both,1.0121273946900282,0.9933443767510644,0.0066713228266342935,0.9946770940005548,0.9997780021749166,14066,32002,No
336,CRZ1_f,CRZ1,Forward,1.0121263236485878,0.9920964266226405,-0.12684454726997607,0.8990634368526677,1.0,14997,31071,No
579,TBF1_r,TBF1,Reverse,1.0120738261735063,0.9816310470067793,-0.32513373210481733,0.745079860131967,1.0,6391,39677,No
53,ROX1,ROX1,Both,1.012064530376352,1.0028963899892047,0.7367771627802271,0.46125787323809564,1.0,33972,12096,No
13,PDR8,PDR8,Both,1.0120361665637698,1.0115095740769335,0.7137154119492911,0.47540317433959167,1.0,12849,33219,No
389,YPR013C_f,YPR013C,Forward,1.011906753653149,1.0526192434344819,1.0058628632678668,0.31448154256976457,1.0,1073,44995,No
311,MGA1_f,MGA1,Forward,1.0118979537828123,1.0143814617310252,1.6091617083932284,0.10758098687622669,1.0,12234,33834,No
485,RTG3_r,RTG3,Reverse,1.0117092539396637,1.0153860148018474,0.280408049068208,0.779164462400427,1.0,4355,41713,No
372,NHP6B_f,NHP6B,Forward,1.011478231205932,0.9807213702845474,0.014795655316376067,0.9881952057583784,1.0,5478,40590,No
259,SOK2_f,SOK2,Forward,1.0114700989268943,1.0126620567164972,0.4012741772244767,0.6882182733008071,1.0,11502,34566,No
203,GIS1_f,GIS1,Forward,1.0113705333429825,1.0168855377850838,0.8469254906277226,0.3970366532994135,1.0,3351,42717,No
559,FHL1_r,FHL1,Reverse,1.011298275432808,1.0245425822334855,1.673671232211326,0.09419523056845619,1.0,13750,32318,No
104,YHP1,YHP1,Both,1.0111448443560658,0.9993796048399015,0.168863846013098,0.8659037374550905,1.0,4155,41913,No
217,STP4_f,STP4,Forward,1.0107938093560536,1.0119060243202722,1.1237457763907506,0.2611208906538366,1.0,7297,38771,No
300,YHP1_f,YHP1,Forward,1.0107390851361269,0.9788563620627344,-0.04424682479538043,0.9647076577892519,1.0,2686,43382,No
573,SFL1_r,SFL1,Reverse,1.010660897268497,0.9886550299450848,0.15573357108984465,0.8762430341032337,1.0,3663,42405,No
90,RFX1,RFX1,Both,1.0104999544209883,1.0974765254600183,1.056142710235553,0.2909030199431101,1.0,248,45820,No
117,PHO4,PHO4,Both,1.0104602060462042,1.0150057503095724,0.6440957821702208,0.5195133252758791,1.0,2396,43672,No
47,WAR1,WAR1,Both,1.0103795819946255,1.0227242397611571,0.4446790155848231,0.6565517362037457,1.0,286,45782,No
310,MET28_f,MET28,Forward,1.0103326644109523,1.0379658476110682,1.0765492857981862,0.2816816711892872,1.0,1395,44673,No
187,TBF1,TBF1,Both,1.0099685190836156,0.9928260600140905,-0.3057661279031914,0.7597827200619391,1.0,7515,38553,No
151,PHD1,PHD1,Both,1.0099073823331681,1.0179509243592144,1.4154249883845809,0.15694392734403026,1.0,12878,33190,No
484,RME1_r,RME1,Reverse,1.009839949914315,1.0185648300835695,1.57966652313954,0.1141832559994912,1.0,7833,38235,No
126,HAP5,HAP5,Both,1.009789455257384,1.030735107563504,1.4460787319076622,0.14815512026965807,1.0,2310,43758,No
55,GLN3,GLN3,Both,1.0096975740879297,1.0214772456609007,1.3208079390857983,0.18656541188475861,1.0,7893,38175,No
63,SOK2,SOK2,Both,1.0095157542245285,1.010013060898546,0.5306985149505704,0.5956277152936145,1.0,17685,28383,No
28,YNR063W,YNR063W,Both,1.0093660663826847,1.0304801333203233,1.2721713160754338,0.2033122567260912,1.0,8364,37704,No
26,YER184C,YER184C,Both,1.0092444931899693,1.0119300958298647,0.8751519249198606,0.381491247331875,1.0,23590,22478,No
23,TOS8,TOS8,Both,1.0090786315873526,1.0214481508848952,1.9295892460884319,0.05365775233290097,1.0,23746,22322,No
241,SKN7_f,SKN7,Forward,1.0089910384915743,1.0161874683495344,0.7123266873838439,0.47626250185565666,1.0,4222,41846,No
165,DOT6,DOT6,Both,1.0087863684065155,1.0082811304604062,0.3185923494607075,0.7500356556192791,1.0,8873,37195,No
31,YPR196W,YPR196W,Both,1.0085646532980586,1.0046198853524118,0.5656228679491043,0.5716501789842838,1.0,24450,21618,No
509,PHO4_r,PHO4,Reverse,1.008536392508114,0.9913409210681942,0.3081821244147194,0.7579437536039936,1.0,1133,44935,No
116,PDR3,PDR3,Both,1.0085181321482246,1.0193347835371263,1.1825349773363572,0.23699349542524428,1.0,7160,38908,No
361,DOT6_f,DOT6,Forward,1.008461165686029,1.0029093671980385,0.2658581218414025,0.7903484786163103,1.0,3930,42138,No
38,FKH1,FKH1,Both,1.0084443225673887,1.0202256839932382,1.497343735602874,0.13430384026869419,1.0,9082,36986,No
114,MET28,MET28,Both,1.0083829070689478,1.0393502781860606,1.2280215134378267,0.21943889210319145,1.0,2081,43987,No
362,ECM22_f,ECM22,Forward,1.0082273056805875,0.9745312559556257,-0.6692883380948939,0.5033115644849646,1.0,1864,44204,No
404,NHP10_r,NHP10,Reverse,1.0082060765630072,1.0275471450618632,1.013074493978357,0.31102458018087187,1.0,1076,44992,No
254,MOT2_f,MOT2,Forward,1.008095889562319,1.0086712512976088,-0.20112790408455075,0.8405985634921486,1.0,628,45440,No
525,SUM1_r,SUM1,Reverse,1.007974489962711,0.9497570641156847,-0.5143452574056774,0.6070106252252596,1.0,776,45292,No
470,GAT3_r,GAT3,Reverse,1.0077978178063063,0.9939501759054092,-0.42684339388789255,0.6694933975906132,1.0,5367,40701,No
108,ARR1,ARR1,Both,1.0077604648018479,0.9996148243593377,0.10632957462348515,0.9153208674370239,1.0,14813,31255,No
356,RDS2_f,RDS2,Forward,1.0077558057041136,1.0139932273510905,1.2116468870862058,0.22564757838082106,1.0,20880,25188,No
443,MSN1_r,MSN1,Reverse,1.0077204721855675,1.0084166936913008,0.6508044341627619,0.5151727374946113,1.0,3782,42286,No
269,ARG81_f,ARG81,Forward,1.0075197140550771,1.0040319649442822,0.5829815591100398,0.5599057144116354,1.0,10552,35516,No
81,HAC1,HAC1,Both,1.0074735373986359,1.059979829504028,0.9184965064667039,0.35835898709653125,1.0,670,45398,No
533,ERT1_r,ERT1,Reverse,1.0073944965963777,0.9899228698333108,-0.4944830139914996,0.6209650995283824,1.0,9411,36657,No
366,HAL9_f,HAL9,Forward,1.007374115793541,1.0303751788517144,0.7942448264246355,0.4270529169652636,1.0,1050,45018,No
313,PHO4_f,PHO4,Forward,1.0072972454123443,1.0231996857344225,0.6551899933240399,0.5123454362251914,1.0,1643,44425,No
29,YOX1,YOX1,Both,1.007248758504598,0.9969685547182804,-0.2911769515820025,0.770915989195255,1.0,14677,31391,No
294,STB2_f,STB2,Forward,1.0071882274768047,1.0111101867122956,0.9151776799534428,0.36009836010275653,1.0,5941,40127,No
167,FHL1,FHL1,Both,1.007142184661615,1.0245651482401301,1.5656750817590583,0.11742470272587356,1.0,18782,27286,No
577,STP2_r,STP2,Reverse,1.0071172137660616,1.0107664271151495,0.12986211012929907,0.8966755221133951,1.0,1165,44903,No
458,STB5_r,STB5,Reverse,1.0071119892891407,1.0161032982267786,1.017490670318687,0.3089200683058517,1.0,1534,44534,No
535,GCR1_r,GCR1,Reverse,1.0068853274040752,1.0259699719171491,0.06733696244817916,0.9463134518731801,0.993629124466839,957,45111,No
492,SWI4_r,SWI4,Reverse,1.0068528658581781,1.0120441732836556,1.0090240919421383,0.3129630801661619,1.0,4320,41748,No
278,HAP2_f,HAP2,Forward,1.0067762828198477,1.002663556509924,0.2324060559195263,0.8162226457420879,1.0,4167,41901,No
166,ECM22,ECM22,Both,1.006717756972106,0.9758184440700658,-0.8009876304257172,0.4231388068724019,1.0,2655,43413,No
460,THO2_r,THO2,Reverse,1.0066741975373457,0.9992553447850846,0.5770735769104346,0.5638897530744911,1.0,1308,44760,No
551,YAP7_r,YAP7,Reverse,1.0066401036299226,1.0130255247589537,0.4896676412261819,0.6243691032733752,1.0,1956,44112,No
140,CRZ1,CRZ1,Both,1.0066251895211809,0.9887688737243999,-0.28251722629649856,0.7775469396690143,1.0,18803,27265,No
7,GIS1,GIS1,Both,1.0065836563326436,1.0051183707565678,0.6929068266578803,0.48836802526452383,1.0,11335,34733,No
428,DAL82_r,DAL82,Reverse,1.0064244679003718,1.0336334112839036,1.3957647549328596,0.16278534711127912,1.0,643,45425,No
123,YAP5,YAP5,Both,1.0064144904512984,1.0117854963641968,0.5483278693809375,0.5834667944277573,1.0,1815,44253,No
327,SPT15_f,SPT15,Forward,1.0063858770907246,0.993496951675704,-0.2017246228275511,0.8401320120678786,1.0,3618,42450,No
216,STP3_f,STP3,Forward,1.0063750452976519,1.0150926601260286,0.987282087792073,0.3235043692930726,1.0,3532,42536,No
565,MIG3_r,MIG3,Reverse,1.0062126643187783,0.9674674865341266,-0.3396043298585061,0.7341545169878335,1.0,522,45546,No
92,RME1,RME1,Both,1.0062071755188247,1.018259960214116,1.776309306317198,0.07568195016014648,1.0,12811,33257,No
82,HAP2,HAP2,Both,1.0060995556298293,1.0148537901514656,1.062011920102496,0.2882302738004803,1.0,13642,32426,No
204,GSM1_f,GSM1,Forward,1.0058130070928717,1.0029608970668111,0.3534203339587302,0.7237733438701733,1.0,21404,24664,No
290,SKO1_f,SKO1,Forward,1.0057779295706173,1.018931887171265,1.2626275830966676,0.20672305026098436,1.0,1878,44190,No
514,YAP3_r,YAP3,Reverse,1.0056908753066716,0.9923694565074697,-0.09229754508643716,0.9264616387833295,1.0,25857,20211,No
354,YAP6_f,YAP6,Forward,1.0056431905582135,1.0034645534599294,0.6164129464729773,0.537622010856605,1.0,7126,38942,No
504,INO2_r,INO2,Reverse,1.0055891533228,1.0294096471882284,1.2112424594230522,0.22580249428912014,1.0,3402,42666,No
557,DOT6_r,DOT6,Reverse,1.0055827960274348,1.0148665077454087,0.1225474013035124,0.9024655080455491,1.0,5389,40679,No
6,FZF1,FZF1,Both,1.0055474185527515,1.0337508601521341,0.5396509434382964,0.589437777086832,1.0,2901,43167,No
399,GIS1_r,GIS1,Reverse,1.0054646067283204,1.0082066935185514,0.769093514502908,0.4418377980049346,1.0,8557,37511,No
568,NHP6B_r,NHP6B,Reverse,1.005428227449038,0.9769065395123124,-0.11050778204951925,0.9120066784881942,1.0,5334,40734,No
25,YER130C,YER130C,Both,1.0054273758762005,0.9972222707883628,0.09750837718279236,0.9223226819040236,1.0,9682,36386,No
256,MSN4_f,MSN4,Forward,1.0051758084722069,1.0159761216073488,1.0481451282996816,0.2945717470226056,1.0,2607,43461,No
529,BAS1_r,BAS1,Reverse,1.0050009999141614,1.0270248946308276,0.2424898084888382,0.8084006528995089,1.0,1709,44359,No
457,STB1_r,STB1,Reverse,1.0049687204654385,0.9791322530449263,-0.33814172242907037,0.735256390427374,1.0,4968,41100,No
101,SWI6,SWI6,Both,1.0049097360371197,1.0111266454108478,1.2724796578333926,0.20320274722110565,1.0,10154,35914,No
132,STB4,STB4,Both,1.0049030308205331,0.9690781126821353,-0.11011494406278495,0.912318216581909,1.0,443,45625,No
421,YOX1_r,YOX1,Reverse,1.004890306418171,0.9944644133450423,-0.07102340135620637,0.9433791309293703,0.9940984390438525,10156,35912,No
225,YOX1_f,YOX1,Forward,1.0047560184565258,0.993009712785682,-0.7505274597218363,0.4529370918632122,1.0,10771,35297,No
543,PHD1_r,PHD1,Reverse,1.0046522209115687,1.0133604443651185,1.024528311509542,0.30558580552199,1.0,10755,35313,No
316,SMP1_f,SMP1,Forward,1.0046089979554866,0.9901495921039632,-0.08279031082858285,0.9340182735171363,0.9931333541194867,9692,36376,No
97,SPT23,SPT23,Both,1.0046075061916429,0.9942525970264603,-0.7151117552370345,0.47453999076557796,1.0,19335,26733,No
15,REI1,REI1,Both,1.004524078841557,1.0036816727062667,0.5440757508498,0.5863893465432802,1.0,4939,41129,No
571,RDR1_r,RDR1,Reverse,1.0043803309773973,1.0460062769081877,0.807615406259957,0.4193120150310754,1.0,1224,44844,No
305,CHA4_f,CHA4,Forward,1.0043731843507955,1.0203504932516145,0.28503297937973116,0.7756188755627176,1.0,1238,44830,No
564,MIG2_r,MIG2,Reverse,1.004372489405221,0.9842159970067815,-0.22821287789305644,0.8194807504671411,1.0,3410,42658,No
490,STB2_r,STB2,Reverse,1.0043404967177731,1.018804521008981,1.319376813670434,0.18704316933963017,1.0,4570,41498,No
566,NDT80_r,NDT80,Reverse,1.004288937243005,1.0169287719664437,0.48614814536260414,0.6268621335689148,1.0,4670,41398,No
112,INO2,INO2,Both,1.004231993929073,1.019257528392082,1.2845703483292006,0.19894246589520437,1.0,5294,40774,No
381,STP2_f,STP2,Forward,1.0041384594936975,1.017699249319583,0.0344372598146498,0.9725284720461641,1.0,1708,44360,No
142,GCN4,GCN4,Both,1.0041093155465886,1.0164002051891563,0.018001723922206763,0.9856374781435716,1.0,3939,42129,No
545,RPH1_r,RPH1,Reverse,1.003981714982252,1.0063503151167186,0.9619618912297849,0.3360687471711259,1.0,15003,31065,No
512,SMP1_r,SMP1,Reverse,1.0039790781538542,0.9937745003124442,-0.2276898187511468,0.8198873880250823,1.0,8823,37245,No
178,PHO2,PHO2,Both,1.003925332990792,0.9805386925670616,-0.48116411281744675,0.6303998644947806,1.0,14211,31857,No
184,STB3,STB3,Both,1.0038752372330364,0.9205831601818978,-0.8261470705070393,0.40872066897729953,1.0,399,45669,No
534,GCN4_r,GCN4,Reverse,1.003845659414196,1.0186091813071179,0.011657439447901888,0.9906989197096062,1.0,3745,42323,No
418,YER184C_r,YER184C,Reverse,1.0038175333324182,1.008403381568597,0.34512523341963625,0.7300002240606883,1.0,19214,26854,No
98,STB2,STB2,Both,1.003720865092009,1.013301623962417,1.3602040384555019,0.17376536496863615,1.0,9739,36329,No
347,PHD1_f,PHD1,Forward,1.0035424515222755,1.0179233251130646,1.1155084677495388,0.2646325918360114,1.0,9212,36856,No
20,STP3,STP3,Both,1.0034673506123142,1.0104840132810526,1.1456267654386592,0.2519496176829479,1.0,5365,40703,No
66,STB5,STB5,Both,1.0034527579888184,0.9902949905680787,-0.2576887890121716,0.796647099050168,1.0,4306,41762,No
122,YAP3,YAP3,Both,1.0032462517590812,0.9984468898289646,-0.23768269762658792,0.8121272044430644,1.0,32752,13316,No
60,MSN4,MSN4,Both,1.0032415268621444,1.018710591896784,1.0167792224277026,0.3092584684572459,1.0,3479,42589,No
284,MOT3_f,MOT3,Forward,1.002993737658979,1.0012147235940292,0.13939377038339845,0.8891389948163949,1.0,7420,38648,No
65,STB1,STB1,Both,1.002948033994739,0.9883921784379369,-0.12315746277431876,0.9019824088550323,1.0,6628,39440,No
148,MBP1,MBP1,Both,1.0027711251734257,1.0064467499628567,0.8381180112075015,0.4019644282305469,1.0,6574,39494,No
353,TYE7_f,TYE7,Forward,1.0026877276448583,0.9998351112907448,0.4461418311840716,0.6554947978064815,1.0,1961,44107,No
52,NRG2,NRG2,Both,1.0026852035247176,1.0074423866044764,0.56650770694588,0.5710486953214906,1.0,9721,36347,No
24,USV1,USV1,Both,1.0026755256773796,1.0055523017078127,0.556750647901766,0.5776978071955947,1.0,12512,33556,No
197,CAT8_f,CAT8,Forward,1.0025488900656672,0.9969489331997841,0.2560124846668242,0.797941197129991,1.0,6858,39210,No
501,CHA4_r,CHA4,Reverse,1.0025316597784062,1.031161209778115,0.8912657908288699,0.37278659648987134,1.0,681,45387,No
496,YHP1_r,YHP1,Reverse,1.0025235640147587,1.0135231681278984,0.018479613185939565,0.9852562411101408,1.0,1567,44501,No
511,RAP1_r,RAP1,Reverse,1.0024994327422818,1.012917294965136,0.32554591111304776,0.7447679411807735,1.0,2668,43400,No
261,STB1_f,STB1,Forward,1.0024095995424378,1.0238585610149777,0.5421606537140345,0.5877078379294998,1.0,1853,44215,No
153,RPH1,RPH1,Both,1.0023892017405915,0.9960231592778713,0.7562288818019367,0.4495119792222594,1.0,17386,28682,No
3,ECM23,ECM23,Both,1.0023458844580155,1.0026865065281982,-0.4706944056612915,0.637858979979053,1.0,28338,17730,No
395,ECM23_r,ECM23,Reverse,1.002320353762719,1.0021487762993868,-0.61866561544151,0.5361366661718736,1.0,24566,21502,No
175,NHP6A,NHP6A,Both,1.002204923111739,0.9785031207893528,-0.8728478553406073,0.38274601148968157,1.0,11359,34709,No
317,UGA3_f,UGA3,Forward,1.0021980082884627,1.0090596122605768,0.2106392743809029,0.8331687632891985,1.0,2064,44004,No
268,ACE2_f,ACE2,Forward,1.0021490651233504,0.986528463192455,0.1904441589173673,0.8489610969954113,1.0,4537,41531,No
338,GCN4_f,GCN4,Forward,1.0021180838735309,1.0089486993434624,-0.22735770196140243,0.8201456079891596,1.0,3684,42384,No
206,HCM1_f,HCM1,Forward,1.0019971867198023,1.0035520726159535,0.19811363200189736,0.8429561594252452,1.0,8800,37268,No
301,YRR1_f,YRR1,Forward,1.0019398670598978,1.0849336720767757,0.26946844325304986,0.7875692229974962,1.0,64,46004,No
56,HAP4,HAP4,Both,1.0019344989077232,1.0170643715073078,0.9499813689871,0.3421217194558588,1.0,5711,40357,No
209,PDR8_f,PDR8,Forward,1.001863046911127,1.005539178170162,0.10872383575348406,0.91342153572622,1.0,7455,38613,No
222,YER184C_f,YER184C,Forward,1.001727695669069,0.9983807765509777,-0.1807652165099962,0.8565518664846385,1.0,20296,25772,No
549,TYE7_r,TYE7,Reverse,1.001211211238423,1.0078001628441635,0.8405249964902721,0.4006140923970891,1.0,2695,43373,No
386,TOD6_f,TOD6,Forward,1.001090552814865,0.9926559238287357,0.23529198548777266,0.8139821151876239,1.0,2769,43299,No
109,CHA4,CHA4,Both,1.0010659822835521,1.0149065018535468,0.43229216958879835,0.665529077587919,1.0,1843,44225,No
205,GZF3_f,GZF3,Forward,1.0010524085327948,1.008331056760106,0.7044178052193006,0.48117262087519086,1.0,20650,25418,No
188,TBS1,TBS1,Both,1.0009454761329353,1.0269632715831107,0.44133999966968923,0.6589668724192412,1.0,539,45529,No
105,YRR1,YRR1,Both,1.0008269149877396,1.0229225453843394,0.2631630931969608,0.7924248757990953,1.0,120,45948,No
229,ADR1_f,ADR1,Forward,1.000717832163975,0.9212528741189338,-0.373049553700736,0.7091115631319564,1.0,187,45881,No
474,HAP2_r,HAP2,Reverse,1.0007130777229893,1.0163823472822566,0.6937177433301237,0.4878592364779708,1.0,10389,35679,No
176,NHP6B,NHP6B,Both,1.0006631169350901,0.970005830294616,-0.9846265629112748,0.32480753700719345,1.0,8169,37899,No
394,CST6_r,CST6,Reverse,1.0006150755684524,1.0130239486732593,1.3353824420834721,0.1817512083314452,1.0,15117,30951,No
358,YML081W_f,YML081W,Forward,1.000557144218606,1.0055858347389315,0.3330467745286677,0.7390989756638802,1.0,12356,33712,No
21,STP4,STP4,Both,1.0005494467482015,1.0046464466321436,0.28251704557521246,0.7775470782225333,1.0,11432,34636,No
172,MIG2,MIG2,Both,1.0005269435559396,0.9818454517068497,-0.6169260003112303,0.5372835363392714,1.0,4075,41993,No
260,SPT2_f,SPT2,Forward,1.000429206928049,0.9740480184492055,-0.49255660069655266,0.6223259195945117,1.0,3576,42492,No
115,MGA1,MGA1,Both,1.00035042266537,1.005814517728664,0.8093563357046003,0.41831021036860105,1.0,16598,29470,No
567,NHP6A_r,NHP6A,Reverse,1.0003236652101517,0.9783290403382514,-0.8048403277628298,0.4209118266470977,1.0,8755,37313,No
248,NRG2_f,NRG2,Forward,1.0002196224333173,1.0046168881840132,0.37262320085506784,0.7094289027143599,1.0,7335,38733,No
174,NDT80,NDT80,Both,1.0001484021136753,1.011171105030043,0.023170113813504062,0.9815145779269572,1.0,5314,40754,No
442,MATA2_r,MATA2,Reverse,1.000098261303797,0.9899390660587315,0.348348639454738,0.727578369509092,1.0,15966,30102,No
560,GAT1_r,GAT1,Reverse,1.0000161759529453,0.9939070280976401,-1.1095735564813631,0.2671828314519932,1.0,2510,43558,No
220,USV1_f,USV1,Forward,0.9998338393117621,1.002134963529192,0.37878646527702314,0.7048464389054082,1.0,9465,36603,No
414,SWI5_r,SWI5,Reverse,0.999799433610122,0.9883853452134258,0.27934058606629963,0.7799834622274495,1.0,6550,39518,No
131,SPT15,SPT15,Both,0.9997816449760001,0.9928418912591944,-0.24373876044478626,0.8074331520026231,1.0,6040,40028,No
408,RSC30_r,RSC30,Reverse,0.9997497014172237,1.017902843310591,0.4296778497435189,0.6674299982778913,1.0,2828,43240,No
383,TBF1_f,TBF1,Forward,0.9997369891147988,1.021793519249035,0.143190834150129,0.8861394685159266,1.0,1310,44758,No
120,SMP1,SMP1,Both,0.9997062453745008,0.9900331894958699,-0.1846654674893331,0.8534914332333686,1.0,12825,33243,No
246,MATA2_f,MATA2,Forward,0.9996271989049192,1.0094892848096375,0.7250577305887529,0.4684166144717311,1.0,25726,20342,No
407,REI1_r,REI1,Reverse,0.9996053106245165,0.9924982052043,0.4410003499978366,0.6592127436118217,1.0,3617,42451,No
398,FZF1_r,FZF1,Reverse,0.9993059033589587,1.017599818513876,-0.39640582369131266,0.6918056705535303,1.0,1931,44137,No
157,TYE7,TYE7,Both,0.9992652085867246,1.0009122048487542,0.5791263122619615,0.5625039469924227,1.0,3216,42852,No
489,SPT23_r,SPT23,Reverse,0.9992073504410064,0.9895565044649179,-0.9720130582916219,0.3310440522536916,1.0,14875,31193,No
397,FKH2_r,FKH2,Reverse,0.9991800131052313,1.007380550496336,0.11689060479625535,0.9069467434000166,1.0,1924,44144,No
194,YPR015C,YPR015C,Both,0.9991516994448026,0.9929001589806545,0.09898224617020694,0.9211523663759694,1.0,395,45673,No
1,CAT8,CAT8,Both,0.9991359516589358,0.995825326061852,0.008105451966831158,0.9935328558308656,1.0,9243,36825,No
59,MSN2,MSN2,Both,0.9990118965668711,1.0013055761620502,0.13784419363871092,0.8903635562467281,1.0,3611,42457,No
249,ROX1_f,ROX1,Forward,0.9988480635548882,0.9855656935133311,-0.323200520315095,0.7465433868813527,1.0,14139,31929,No
158,YAP6,YAP6,Both,0.9987774885710546,1.0004185385499598,0.39384888773435256,0.6936926082595971,1.0,12440,33628,No
12,NHP10,NHP10,Both,0.9986126245828608,1.0044187006434684,0.22835543263938649,0.8193699337178828,1.0,3657,42411,No
558,ECM22_r,ECM22,Reverse,0.9986113640882492,0.9747063228613505,-0.5533897724159428,0.5799965407756128,1.0,927,45141,No
251,GLN3_f,GLN3,Forward,0.9985815702625012,0.9990246932183247,-0.35050567560630674,0.7259592314662378,1.0,4173,41895,No
168,GAT1,GAT1,Both,0.9984949826251621,1.0001233931267974,-0.8278980767482548,0.4077282242357523,1.0,5732,40336,No
33,ADR1,ADR1,Both,0.9984807231453747,0.9441144473979891,-0.4139622861526913,0.6789017269887562,1.0,573,45495,No
393,CAT8_r,CAT8,Reverse,0.998296000320134,0.992982090320704,-0.03447955255181136,0.9724947473521391,1.0,7757,38311,No
518,HAP5_r,HAP5,Reverse,0.9982652990380366,0.982005407926121,0.4976388865581441,0.6187385899999127,1.0,618,45450,No
446,DAL80_r,DAL80,Reverse,0.998185919903724,1.0021361257904786,-0.012926998125263496,0.9896860350355642,1.0,7498,38570,No
340,HAP1_f,HAP1,Forward,0.9981224962642475,1.0110459208598315,0.44459066779146067,0.6566155927944121,1.0,2751,43317,No
308,INO2_f,INO2,Forward,0.9979480844330941,1.0064048884128631,0.5109696426809922,0.6093723139280879,1.0,2959,43109,No
88,MOT3,MOT3,Both,0.9975948171819079,0.9959448723835306,0.19897625563603014,0.8422813184622264,1.0,12603,33465,No
318,YAP3_f,YAP3,Forward,0.9975744326755016,0.99461648450283,-0.7465856052199521,0.4553137401681201,1.0,16931,29137,No
494,THI2_r,THI2,Reverse,0.9974795818775086,1.0018059463989788,-0.08898370488922076,0.929094860356745,0.9950961345897378,335,45733,No
244,XBP1_f,XBP1,Forward,0.9974569018891319,1.0001194629320918,-0.18030439563097803,0.8569136050115238,1.0,3287,42781,No
477,JHD1_r,JHD1,Reverse,0.9974542300978212,0.995534627182197,0.7612120341309456,0.4465304315160107,1.0,5162,40906,No
281,JHD1_f,JHD1,Forward,0.9974542300978212,0.995534627182197,0.7612120341309456,0.4465304315160107,1.0,5162,40906,No
85,JHD1,JHD1,Both,0.9974542300978212,0.995534627182197,0.7612120341309456,0.4465304315160107,1.0,5162,40906,No
181,SFL1,SFL1,Both,0.9974023226173016,0.987973839409094,-0.08001220939923044,0.9362275454092126,0.993685553611222,5752,40316,No
177,OAF1,OAF1,Both,0.9973485156702102,0.9826047372757856,-1.4472154213431727,0.14783659871868723,1.0,7947,38121,No
94,SKO1,SKO1,Both,0.9973341548759526,1.0069044119114001,0.36168282825257425,0.7175890606167847,1.0,5121,40947,No
349,RPH1_f,RPH1,Forward,0.9973048622336494,0.9724264289805361,-0.08782265106019323,0.9300176343797147,0.9942733982095859,3433,42635,No
262,STB5_f,STB5,Forward,0.9972957003308889,0.9794555858224794,-1.1846429815165078,0.23615863531504255,1.0,2882,43186,No
357,YGR067C_f,YGR067C,Forward,0.9972647297897588,1.0162468891773198,0.3842377956057579,0.7008022075363773,1.0,29849,16219,No
73,ARG81,ARG81,Both,0.9970567795329411,0.9983910376938198,-0.46454382601375693,0.6422581677485972,1.0,19372,26696,No
119,RAP1,RAP1,Both,0.9970556905982185,1.0088121138085662,0.145499941763287,0.8843161617268782,1.0,2985,43083,No
72,ACE2,ACE2,Both,0.9970375467692726,0.9994810655375805,-0.24792712604029485,0.804190791457734,1.0,20059,26009,No
437,SKN7_r,SKN7,Reverse,0.9969959551627763,0.9874382075304751,-0.4443392846560633,0.6567973028469618,1.0,4818,41250,No
51,MSN1,MSN1,Both,0.9969813369444085,0.9971892846902844,0.18767583253368764,0.8511307764555991,1.0,7009,39059,No
113,MCM1,MCM1,Both,0.9969663545469514,0.9822499761211688,0.3453869886669956,0.7298034575795875,1.0,469,45599,No
523,SPT15_r,SPT15,Reverse,0.9969370171704317,0.9984716369568355,0.20419650236734757,0.8381999444833494,1.0,3082,42986,No
250,DAL80_f,DAL80,Forward,0.9967422342371516,0.9947464069682506,-0.132520580237598,0.8945725459049688,1.0,5734,40334,No
503,HMS1_r,HMS1,Reverse,0.9966371810522194,1.0066683397773868,-0.17772615692994223,0.8589380420100382,1.0,2572,43496,No
27,YLR278C,YLR278C,Both,0.9966354116155457,0.9962642640910813,-0.5129323218445415,0.6079986630294509,1.0,19857,26211,No
224,YNR063W_f,YNR063W,Forward,0.9966086566475933,1.011724168448091,-0.04579599121033553,0.9634728540110178,1.0,5205,40863,No
257,NDD1_f,NDD1,Forward,0.9966002654313104,0.9995208811250871,0.4819879567120284,0.6298145016217875,1.0,1373,44695,No
455,SOK2_r,SOK2,Reverse,0.9964973749371785,0.9994111983809109,0.15505246395828684,0.8767799571286603,1.0,9867,36201,No
144,HAP1,HAP1,Both,0.9964920380833894,1.0100947506594546,0.6217505394190158,0.5341059137244548,1.0,3992,42076,No
185,STP2,STP2,Both,0.9964792218504227,1.0036943901699926,-0.4432202067956135,0.6576064644554389,1.0,2574,43494,No
550,YAP6_r,YAP6,Reverse,0.9963864185316905,0.9938908191264303,-0.21381921271071377,0.8306880418455883,1.0,9626,36442,No
302,ARG80_f,ARG80,Forward,0.9963768816145001,0.9840628185799428,-0.531189687773543,0.5952873382795295,1.0,2197,43871,No
100,SWI4,SWI4,Both,0.9963237656544311,1.0020160706105503,0.3084020407549217,0.7577764293043014,1.0,5527,40541,No
312,PDR3_f,PDR3,Forward,0.9960439683313377,1.000062546006016,0.011406568866811035,0.9908990721632017,1.0,5292,40776,No
45,SKN7,SKN7,Both,0.9959970104817176,0.9922304856203238,-0.36410105177290936,0.7157825514538185,1.0,7354,38714,No
500,ARR1_r,ARR1,Reverse,0.9958952404273423,0.9865111006422663,-0.6829152779974073,0.4946603792920661,1.0,9634,36434,No
352,TEC1_f,TEC1,Forward,0.9958155722039743,1.0034057887775119,0.11306663229725317,0.9099777288820793,1.0,5236,40832,No
425,ADR1_r,ADR1,Reverse,0.995801657378498,0.945634744623331,-0.2865775771792604,0.7744357854205327,1.0,387,45681,No
199,ECM23_f,ECM23,Forward,0.9957175288884621,0.9987185883107771,-0.7641250443858412,0.4447927290003886,1.0,22404,23664,No
150,NRG1,NRG1,Both,0.9956587625064416,0.9746667246151636,-1.1613577596542213,0.24549643934026055,1.0,3954,42114,No
207,HMRA2_f,HMRA2,Forward,0.9955898672973068,1.0066100068521668,-0.4313655928897533,0.6662025636850077,1.0,9445,36623,No
575,SRD1_r,SRD1,Reverse,0.995534605526115,1.007179427415737,-0.4129383687632534,0.6796517689493843,1.0,1455,44613,No
133,SUM1,SUM1,Both,0.9955314237611245,0.9483544874395177,-0.6684119647882084,0.503870660106357,1.0,1087,44981,No
190,TOD6,TOD6,Both,0.9953960879190477,0.988876117804163,-0.7471915343112902,0.4549479534811538,1.0,6514,39554,No
78,GAT3,GAT3,Both,0.9952667996951144,0.9935106970975696,-0.8960000796933915,0.3702527206674988,1.0,11066,35002,No
191,YKL222C,YKL222C,Both,0.995252391506349,1.0008828960169818,0.13342570553088134,0.8938567170813692,1.0,5251,40817,No
486,SKO1_r,SKO1,Reverse,0.9952476540734054,0.9900704824518228,-0.37361237189687013,0.7086927280311653,1.0,3438,42630,No
22,SWI5,SWI5,Both,0.9952150727005716,0.9925204860759098,-0.48237698765935105,0.6295381656068031,1.0,23429,22639,No
4,EDS1,EDS1,Both,0.9951450729796432,0.9917851294320371,-0.5782207966509415,0.5631150598188204,1.0,6848,39220,No
364,GAT1_f,GAT1,Forward,0.9950853362265679,1.0050839227582269,-0.16709095873925295,0.8672984798875156,1.0,3399,42669,No
68,THO2,THO2,Both,0.9950296623463812,0.9823201475548949,-0.37553482224652307,0.7072627538037926,1.0,3656,42412,No
430,FKH1_r,FKH1,Reverse,0.9949980767817544,1.0120649030047024,0.4340151923893773,0.6642774088119837,1.0,6414,39654,No
54,DAL80,DAL80,Both,0.994869811001319,0.994703373911665,-0.2812957359862225,0.7784835805237851,1.0,12345,33723,No
274,GAT3_f,GAT3,Forward,0.9948689995035502,1.006104621808663,-0.13231542487075176,0.894734807361114,1.0,6669,39399,No
161,YGR067C,YGR067C,Both,0.9948255820844427,1.0045484269444214,-0.08451170222258104,0.9326495990994438,0.9934745729537553,34026,12042,No
106,ARG80,ARG80,Both,0.9947417215626891,0.9957122346097089,-0.20757907698929992,0.835557642655244,1.0,3747,42321,No
464,ACE2_r,ACE2,Reverse,0.9947235645824585,1.0018762349569588,-0.5060407922460176,0.6128280134461087,1.0,17038,29030,No
481,PDR1_r,PDR1,Reverse,0.9947060545788095,1.012053467427682,-0.4258508863896474,0.6702165046148971,1.0,714,45354,No
403,HMRA2_r,HMRA2,Reverse,0.9946819552111248,0.9876981004658089,-0.6706443275325816,0.5024471366369192,1.0,6191,39877,No
218,SWI5_f,SWI5,Forward,0.9945345873593661,0.9971306054908071,-0.5344762884391789,0.5930120503046623,1.0,19560,26508,No
208,NHP10_f,NHP10,Forward,0.9943431670331617,0.9990290635391946,-0.32691799662847704,0.7437299089970371,1.0,2677,43391,No
415,TOS8_r,TOS8,Reverse,0.9942630950608545,1.0113322101585651,0.24794960860178744,0.8041733959517814,1.0,13884,32184,No
374,PHO2_f,PHO2,Forward,0.9941606718314986,0.9776723980115765,-0.6523797555034764,0.514156220842109,1.0,11171,34897,No
553,YGR067C_r,YGR067C,Reverse,0.9941388649934887,0.9948508144660771,-0.23848874368465814,0.8115020447653117,1.0,11831,34237,No
79,GCR2,GCR2,Both,0.9940597885749833,0.9882933841545776,-0.966688073569439,0.33369999097280223,1.0,8295,37773,No
343,MAC1_f,MAC1,Forward,0.9940515762811557,0.9886070996364421,-0.9185080560162024,0.3583529433031456,1.0,6149,39919,No
5,FKH2,FKH2,Both,0.9940335187802937,1.0023833566719185,-0.032265939264931244,0.9742599715828041,0.9997641593205739,2522,43546,No
400,GSM1_r,GSM1,Reverse,0.9939788431467782,0.992424727724956,-0.6135306185885198,0.5395255436912822,1.0,24293,21775,No
8,GSM1,GSM1,Both,0.993889914615125,0.9931647779307077,-0.4432010424749146,0.6576203249277682,1.0,29905,16163,No
245,AFT2_f,AFT2,Forward,0.9938670402291391,1.0021032838840984,-0.41559626712889447,0.677705458660633,1.0,7787,38281,No
198,CST6_f,CST6,Forward,0.993815707561785,1.0007982637325532,-0.7885374666258013,0.43038239219031116,1.0,21355,24713,No
18,RSF2,RSF2,Both,0.993582537873182,0.978219284285166,-0.8454023526964939,0.3978862313736691,1.0,7156,38912,No
491,STP1_r,STP1,Reverse,0.9935802162517166,1.027797858416667,0.7748096089114923,0.4384521705013962,1.0,978,45090,No
147,MAC1,MAC1,Both,0.9935046850402379,0.999810859477006,-0.5996755139643858,0.5487225100098093,1.0,8818,37250,No
50,MATA2,MATA2,Both,0.9934912092459163,0.9979560930515041,0.3458271960550788,0.7294725852924293,1.0,32144,13924,No
422,YPR022C_r,YPR022C,Reverse,0.9934869106158627,1.0035123199087026,-0.30789476480011474,0.7581624095007703,1.0,22393,23675,No
93,RTG3,RTG3,Both,0.9934137634215024,0.998779629988746,-0.937974039213183,0.3482577516940516,1.0,7225,38843,No
280,IXR1_f,IXR1,Forward,0.993351763020063,0.6703613150448235,-1.0960871554605278,0.2730406351335255,1.0,21,46047,No
213,RSC3_f,RSC3,Forward,0.9933360145928348,1.0083470110604376,0.41859009248609746,0.6755157315437224,1.0,9443,36625,No
472,GTS1_r,GTS1,Reverse,0.9933197675560218,1.0020466707052917,-0.9835444286523356,0.32533956018200383,1.0,9912,36156,No
452,MSN4_r,MSN4,Reverse,0.9931432157305742,1.0204933119111188,0.09098594615777086,0.9275037580755569,1.0,910,45158,No
11,HMRA2,HMRA2,Both,0.9931340835906878,0.9995212198033365,-1.0156991252795362,0.30977268470260066,1.0,14263,31805,No
448,HAP4_r,HAP4,Reverse,0.9931099819111543,1.0037264015226097,0.3323680270813409,0.7396113782583644,1.0,4458,41610,No
324,INO4_f,INO4,Forward,0.9930305349971926,1.0223626275037474,0.17699127616109164,0.8595152420148272,1.0,702,45366,No
297,SWI6_f,SWI6,Forward,0.9930105918385056,0.9986705986405412,0.15051050704395394,0.8803618617435988,1.0,4657,41411,No
80,GTS1,GTS1,Both,0.9928583834072067,1.0018051615714876,-1.021263517556102,0.3071296061170773,1.0,12643,33425,No
221,YER130C_f,YER130C,Forward,0.9927768178951067,0.9830523345865498,-0.7498659526728568,0.45333544214767973,1.0,2666,43402,No
17,RSC3,RSC3,Both,0.992720631666726,1.0082680299470692,0.4114054894516061,0.6807752293733877,1.0,9540,36528,No
58,MOT2,MOT2,Both,0.9925526302334292,0.9823990588940013,-0.5007586440589556,0.6165409942673443,1.0,2569,43499,No
429,DIG1_r,DIG1,Reverse,0.9924025587756871,1.0020164243051082,-0.09342951641039243,0.9255623423624636,1.0,1879,44189,No
409,RSC3_r,RSC3,Reverse,0.9922936211335522,1.0077933807230512,0.33789993570450716,0.7354385960126282,1.0,9487,36581,No
215,STE12_f,STE12,Forward,0.9920107493505446,1.0175001523035045,0.11712908377802227,0.906757762836191,1.0,1083,44985,No
49,AFT2,AFT2,Both,0.9919995538415262,1.00383916550871,-0.410101950601513,0.6817311618855775,1.0,9327,36741,No
423,YPR196W_r,YPR196W,Reverse,0.9919674928913785,0.9885888567374523,-0.7321368053757212,0.46408507117683595,1.0,15353,30715,No
307,HMS1_f,HMS1,Forward,0.9916432283061137,0.9897457703665188,-1.2325245338581954,0.21775320779151364,1.0,14037,32031,No
255,MSN2_f,MSN2,Forward,0.9910461513000771,0.9847671359592235,-0.5199526663770784,0.6030965663263128,1.0,3038,43030,No
173,MIG3,MIG3,Both,0.9909989549267654,0.9650005375543468,-0.6629459361484518,0.5073651801813968,1.0,599,45469,No
426,AFT1_r,AFT1,Reverse,0.9909963109797447,1.0106769187449762,-0.21637050391709486,0.8286989561650975,1.0,3787,42281,No
450,MOT2_r,MOT2,Reverse,0.9909500619991861,0.9691432854417134,-0.4043621915934111,0.6859463985888374,1.0,1962,44106,No
267,ABF1_f,ABF1,Forward,0.9909239782491862,1.0294281945758357,0.22642871928753014,0.8208679931331363,1.0,688,45380,No
439,WAR1_r,WAR1,Reverse,0.9908481457510941,1.0039687416485725,-0.1589003379689247,0.8737473944179786,1.0,150,45918,No
536,HAP1_r,HAP1,Reverse,0.9907166258795096,0.9868384883268784,0.03365273984132762,0.9731540657484624,1.0,1386,44682,No
223,YLR278C_f,YLR278C,Forward,0.9906211870705693,0.9884038824711157,-1.0922478459850042,0.2747241773484598,1.0,13831,32237,No
480,MOT3_r,MOT3,Reverse,0.9902933923423187,0.9892579227892316,-0.13535806998318475,0.8923287742702867,1.0,6176,39892,No
465,ARG81_r,ARG81,Reverse,0.9901303331076636,0.9929184857587434,-1.3614031163635485,0.17338633182909768,1.0,12476,33592,No
532,CRZ1_r,CRZ1,Reverse,0.9900565633651185,0.9917369585094853,-0.46469874117221177,0.6421472099673052,1.0,5728,40340,No
89,PDR1,PDR1,Both,0.9898814626178299,1.0221150259061178,-0.13228174651677546,0.8947614446615395,1.0,935,45133,No
314,PUT3_f,PUT3,Forward,0.9898031748097034,1.1524214673746596,0.3066092826075818,0.759140787263599,1.0,56,46012,No
554,YML081W_r,YML081W,Reverse,0.9896375695982348,1.0095208222964442,0.03773010369817207,0.9699028737988977,1.0,31331,14737,No
432,OPI1_r,OPI1,Reverse,0.9896216135298982,0.9938256094366017,-0.4766378305792332,0.6336200398741755,1.0,3951,42117,No
363,FHL1_f,FHL1,Forward,0.9895181933049607,1.0045068964798625,-0.1774832083210585,0.8591288536700323,1.0,7191,38877,No
156,TEC1,TEC1,Both,0.9893958914341705,1.0072175828553027,0.3210114398274122,0.7482017216114698,1.0,12714,33354,No
155,SIP4,SIP4,Both,0.989277983756109,1.0075535306564691,0.6511098700658473,0.5149755655851835,1.0,367,45701,No
149,MET31,MET31,Both,0.9891071223685535,0.9819148215842904,-0.20793849784819318,0.8352769891598085,1.0,2180,43888,No
162,YML081W,YML081W,Both,0.9889400127424075,1.0109766708989523,0.19469686104096295,0.8456302694149589,1.0,35408,10660,No
507,MGA1_r,MGA1,Reverse,0.9889069382562422,0.995315935579001,-0.467626988017658,0.640051361731536,1.0,10907,35161,No
265,UME1_f,UME1,Forward,0.988641004726674,0.9704392753819493,-0.22339943537894497,0.8232246437269167,1.0,624,45444,No
402,HCM1_r,HCM1,Reverse,0.9885855887417875,0.990553757039869,-1.0841301245038029,0.2783071078027297,1.0,25904,20164,No
2,CST6,CST6,Both,0.9885628134554119,1.0018297456816057,-0.1860904859205951,0.8523738027365285,1.0,27955,18113,No
410,RSF2_r,RSF2,Reverse,0.9885062618248814,0.9762987201717566,-1.297777409116952,0.19436383465312945,1.0,6303,39765,No
350,RPN4_f,RPN4,Forward,0.988452159538412,1.0205411424180535,0.10677749840035479,0.9149654990760524,1.0,742,45326,No
183,SRD1,SRD1,Both,0.9884340194703087,0.9957095271151715,-0.423353301450319,0.6720375108157365,1.0,2138,43930,No
193,YPR013C,YPR013C,Both,0.98818217994113,0.993098511593473,-0.4053074447126716,0.6852515348661108,1.0,2825,43243,No
272,CBF1_f,CBF1,Forward,0.9879996446401446,0.9970272812496456,0.2461566493885671,0.8055609719572998,1.0,1633,44435,No
377,SFL1_f,SFL1,Forward,0.9879926066713449,0.9993683854037173,0.21761243165859645,0.8277310975486458,1.0,2259,43809,No
111,HMS1,HMS1,Both,0.9879568605639166,0.989272117189931,-1.3875621527969129,0.16527041288270916,1.0,15925,30143,No
320,CUP2_f,CUP2,Forward,0.9879483800045658,1.027102386637616,0.5416770885360676,0.5880409758964438,1.0,105,45963,No
34,AFT1,AFT1,Both,0.9879318232835521,0.9992000144410454,-0.8510274830455029,0.3947540862118222,1.0,5107,40961,No
552,RDS2_r,RDS2,Reverse,0.9878247558687655,0.9830604282219382,-1.5885482841106153,0.11216241184910182,1.0,28845,17223,No
76,CBF1,CBF1,Both,0.987705374377401,1.0040056927351573,0.5396806530126725,0.5894172845979324,1.0,2223,43845,No
441,AFT2_r,AFT2,Reverse,0.9874261007019078,1.0066179913647089,-0.034429781737496834,0.9725344351522908,1.0,1847,44221,No
264,THO2_f,THO2,Forward,0.9873794885559556,0.97084441205696,-0.8593035873247481,0.3901730455353688,1.0,2423,43645,No
288,RME1_f,RME1,Forward,0.9872862272117231,0.9953206641927939,0.03718011381548294,0.9703413945243522,1.0,6147,39921,No
30,YPR022C,YPR022C,Both,0.9870724110412598,0.9895823759897652,-1.3134034236098218,0.18904704448847853,1.0,25242,20826,No
10,HCM1,HCM1,Both,0.9870483340220609,0.9863216472300091,-1.5582798553696373,0.11916692215007933,1.0,29929,16139,No
270,ASH1_f,ASH1,Forward,0.9870442589290733,1.0248920984347971,0.28425982556801266,0.7762112712760535,1.0,1396,44672,No
258,RIM101_f,RIM101,Forward,0.9870219942239021,1.0186726323685833,-0.21861426967567754,0.8269505360742975,1.0,191,45877,No
540,MBP1_r,MBP1,Reverse,0.9869838164600734,1.0003164872825259,-0.18675188028526368,0.8518551770091264,1.0,4262,41806,No
510,PUT3_r,PUT3,Reverse,0.9869749688491498,0.9316443539715691,-0.1337406167741207,0.893607686116795,1.0,165,45903,No
121,UGA3,UGA3,Both,0.9867812076936378,0.9816942276895149,-1.127233615553061,0.2596437213143594,1.0,4101,41967,No
478,MATA1_r,MATA1,Reverse,0.9866382001150297,0.9954815833312665,-0.07254674469784195,0.9421668065530991,0.9946033792696988,1471,44597,No
137,BAS1,BAS1,Both,0.9864009254470276,1.0080576903513137,-0.5118611189930162,0.6087482114122651,1.0,3709,42359,No
582,TOD6_r,TOD6,Reverse,0.9859831527219842,0.9854191040519256,-1.3468800633056637,0.17801886344679851,1.0,3972,42096,No
438,UPC2_r,UPC2,Reverse,0.9859604232499865,1.0853645403930916,0.12251916708544013,0.9024878672058428,1.0,192,45876,No
230,AFT1_f,AFT1,Forward,0.9859006381981978,0.9663231097197721,-0.9888891728800367,0.3227173684253144,1.0,1417,44651,No
539,MAC1_r,MAC1,Reverse,0.9858867528045689,1.0126139172409516,-0.041354999396964444,0.9670128873615003,1.0,3066,43002,No
368,MIG2_f,MIG2,Forward,0.9858022624908103,0.9445675420209892,-0.893707373594896,0.37147847916005083,1.0,707,45361,No
412,STP3_r,STP3,Reverse,0.9857388247939052,0.9993683854037173,0.0695053512816683,0.9445873732502232,0.9935910115762634,2089,43979,No
440,XBP1_r,XBP1,Reverse,0.9856834129483577,0.9930871461999285,-0.28640814759349914,0.7745655350911476,1.0,2581,43487,No
99,STP1,STP1,Both,0.9856797117270144,1.0100017011490845,-0.09102030778879242,0.9274764547522577,1.0,2505,43563,No
102,THI2,THI2,Both,0.9855845850964345,1.0038299612390706,-0.24474096973630566,0.8066570032558837,1.0,456,45612,No
548,TEC1_r,TEC1,Reverse,0.9853896537907861,1.0056555029853187,0.13585479558584646,0.8919360719574017,1.0,8357,37711,No
86,MATA1,MATA1,Both,0.9852795219140712,0.9788100682735387,-0.39742656289552464,0.6910529306666697,1.0,1848,44220,No
263,SUT1_f,SUT1,Forward,0.9851252504843767,0.9869942876158467,-0.11811890691220274,0.9059734427738827,1.0,2721,43347,No
40,OPI1,OPI1,Both,0.9849783148101467,0.9931300528967264,-0.5234174240407488,0.6006838014730065,1.0,7471,38597,No
276,GTS1_f,GTS1,Forward,0.9849232806175998,1.0023857010075747,-0.5357127326702537,0.592157102416141,1.0,3484,42584,No
498,ARG80_r,ARG80,Reverse,0.9843884342144827,0.9956572272173593,-0.13602800503542042,0.8917991419134463,1.0,1690,44378,No
468,CBF1_r,CBF1,Reverse,0.9836258637875909,1.004180579564971,0.4445774832523257,0.6566251226161554,1.0,931,45137,No
401,GZF3_r,GZF3,Reverse,0.9834059857491563,0.9806406587024481,-2.049909627141727,0.040373250576725465,1.0,23577,22491,No
19,STE12,STE12,Both,0.9833151211720127,0.9878380333498837,-0.7505230213012519,0.45293976395917146,1.0,3234,42834,No
48,XBP1,XBP1,Both,0.9833084989907566,0.9905999461407685,-0.8684551456595336,0.3851452171585156,1.0,5371,40697,No
201,FKH2_f,FKH2,Forward,0.9826439264247887,0.9889525845556576,-0.15349160544216592,0.8780106097543293,1.0,622,45446,No
413,STP4_r,STP4,Reverse,0.9824267827834045,0.9758262903410424,-1.437599911218804,0.15054760613142637,1.0,5875,40193,No
247,MSN1_f,MSN1,Forward,0.9823889652480492,0.9800597795561725,-0.6281185814503247,0.5299262614126665,1.0,3479,42589,No
67,SUT1,SUT1,Both,0.9820864996902772,0.9857593081749317,-0.14800784237778064,0.8823365790898535,1.0,3447,42621,No
497,YRR1_r,YRR1,Reverse,0.9819955346461404,0.9420944932949606,-0.1325219950621004,0.8945714269074653,1.0,57,46011,No
236,OPI1_f,OPI1,Forward,0.9817493011462421,0.9908559102319745,-0.2866543414728994,0.774377001174257,1.0,4278,41790,No
160,RDS2,RDS2,Both,0.9812222681306116,0.9795372196854721,-1.8585789487649471,0.06308684328003798,1.0,35910,10158,No
537,HAP3_r,HAP3,Reverse,0.9808787632705631,1.070965785882342,0.400640715122987,0.6886846647822885,1.0,263,45805,No
283,MET32_f,MET32,Forward,0.9807011381778,0.9602006780406231,-1.1122870115280075,0.2660147665857159,1.0,863,45205,No
396,EDS1_r,EDS1,Reverse,0.9805488618717939,0.9826257102607597,-1.7418122941883376,0.08154129473082632,1.0,3714,42354,No
531,CIN5_r,CIN5,Reverse,0.9801708139410192,0.9770631441655598,-1.923292007357963,0.05444338779991045,1.0,6511,39557,No
282,MATA1_f,MATA1,Forward,0.9798344747542344,0.9612785802276446,-0.7962396006545933,0.4258927842905754,1.0,394,45674,No
295,STP1_f,STP1,Forward,0.9794563636560822,1.000418875431492,-0.7801365379179217,0.43531051185911895,1.0,1563,44505,No
319,YAP5_f,YAP5,Forward,0.9794472472056428,0.9720859444603248,-0.6787702138531947,0.49728346953435065,1.0,674,45394,No
71,ABF1,ABF1,Both,0.9792142927097666,1.0001742816775836,-0.008574291153398698,0.9931587892948666,1.0,1608,44460,No
118,PUT3,PUT3,Both,0.9790631743905656,1.0274820927873725,-0.09768184994817643,0.9221849282659704,1.0,219,45849,No
471,GCR2_r,GCR2,Reverse,0.9785535999546603,0.9762235689801368,-1.738365913798035,0.08214635883097794,1.0,5391,40677,No
585,YPR013C_r,YPR013C,Reverse,0.9784462289477062,0.962254892374394,-1.1697901640394008,0.24208542288211754,1.0,1800,44268,No
580,TBS1_r,TBS1,Reverse,0.9784453187562819,1.0356719835374455,0.42388300149781455,0.6716511416243014,1.0,449,45619,No
289,RTG3_f,RTG3,Forward,0.9782951550118724,0.9808476396043178,-1.1939599577937638,0.23249363179511973,1.0,3165,42903,No
345,MET31_f,MET31,Forward,0.9780374397169708,0.9739359918485038,-0.7766797739676309,0.4373477228263055,1.0,1696,44372,No
226,YPR022C_f,YPR022C,Forward,0.9779846609638575,0.9843237230591663,-0.7633781698684121,0.44523789514358103,1.0,5309,40759,No
74,ASH1,ASH1,Both,0.9777028511203507,0.9847651809131954,-0.8266029415949255,0.40846214953920645,1.0,2371,43697,No
505,MCM1_r,MCM1,Reverse,0.9776830891094118,0.9259640653308361,-0.4359446464969518,0.6628768912246705,1.0,338,45730,No
411,STE12_r,STE12,Reverse,0.9773313324267527,0.9687925105925321,-1.0194257766539876,0.30800087390584185,1.0,2194,43874,No
9,GZF3,GZF3,Both,0.9769724828328976,0.9817343579206103,-2.2315595935072454,0.02564408471146355,1.0,33397,12671,No
37,DIG1,DIG1,Both,0.9766852956451536,0.9927735410116958,-0.8328529747453425,0.4049276537129034,1.0,4549,41519,No
145,HAP3,HAP3,Both,0.9760498968315794,1.005396835124257,0.08482222921330368,0.9324027208692096,0.9950141558459079,1070,44998,No
351,SIP4_f,SIP4,Forward,0.9757437356485315,1.0468299432957557,0.4849100818385784,0.6277401305034487,1.0,251,45817,No
341,HAP3_f,HAP3,Forward,0.975290970859819,0.9901268381418278,-0.05155976866579235,0.9588794766296769,1.0,817,45251,No
466,ASH1_r,ASH1,Reverse,0.9742542804387486,0.9493695252938478,-1.3534837704961675,0.17590113140326025,1.0,1146,44922,No
285,PDR1_f,PDR1,Forward,0.9736796094581578,1.0563324186873506,0.4792696924975249,0.6317467801618013,1.0,224,45844,No
379,SRD1_f,SRD1,Forward,0.9732776252033023,0.9571202556615607,-0.07806643010099329,0.9377752105707498,0.9935348176857673,779,45289,No
463,ABF1_r,ABF1,Reverse,0.9724842263800074,0.9785313864393816,-0.10798973423194996,0.9140038354826215,1.0,951,45117,No
569,OAF1_r,OAF1,Reverse,0.9723831210045343,0.9667313848962665,-2.7609838674610225,0.005762752291398206,0.8471245868355363,5103,40965,No
524,STB4_r,STB4,Reverse,0.9702444672214882,0.9493489429896688,-0.8210413949734648,0.41162268982555505,1.0,269,45799,No
502,CUP9_r,CUP9,Reverse,0.9702121057010337,0.9541333937505373,-0.8708900363005417,0.3838141976136572,1.0,581,45487,No
346,NRG1_f,NRG1,Forward,0.9691273697453723,0.9714112033189304,-1.5427617678668784,0.12288858890857925,1.0,1652,44416,No
359,ASG1_f,ASG1,Forward,0.9690653813597778,0.9541363872528836,-1.471996213545694,0.14102190007467794,1.0,616,45452,No
459,SUT1_r,SUT1,Reverse,0.9688532178788937,0.9869464681547137,-0.10884168415842085,0.9133280610182272,1.0,1006,45062,No
139,CIN5,CIN5,Both,0.9685318825191741,0.9675057271935869,-2.769622749187723,0.005612125296772275,1.0,8390,37678,No
87,MET32,MET32,Both,0.9684562597311994,0.9632476524026575,-1.2147525417085046,0.22446048642102134,1.0,1201,44867,No
513,UGA3_r,UGA3,Reverse,0.9679776110708573,0.9685316661654607,-1.9041730764773392,0.056887646933964066,1.0,2247,43821,No
61,NDD1,NDD1,Both,0.9679437530046373,0.9690684893444131,-0.8900618450144089,0.3734326790107023,1.0,2180,43888,No
390,YPR015C_f,YPR015C,Forward,0.9677296450330223,0.927927945117209,-0.6058784153259485,0.5445954935616444,1.0,151,45917,No
233,DIG1_f,DIG1,Forward,0.9665724098049567,0.9855073432064112,-0.9806434294962058,0.32676860977981004,1.0,2860,43208,No
333,BAS1_f,BAS1,Forward,0.9664487218670385,0.9684824333613549,-1.1292410077846098,0.2587961790233353,1.0,2059,44009,No
576,STB3_r,STB3,Reverse,0.9658150664490777,0.8949659080348173,-1.1743610702950322,0.24025043140442026,1.0,134,45934,No
578,SUT2_r,SUT2,Reverse,0.9654343151716044,1.0111456696303478,-0.7686212499944763,0.4421181867552644,1.0,522,45546,No
378,SFP1_f,SFP1,Forward,0.9646726032501172,0.986282492987496,-1.2574160453559442,0.20860302208632742,1.0,4128,41940,No
303,ARO80_f,ARO80,Forward,0.9635646164103099,0.9891417629202043,-0.48418790776218634,0.6282525179033758,1.0,287,45781,No
189,TEA1,TEA1,Both,0.9628745154730656,1.0443202401813494,0.16741577873359673,0.8670429107515923,1.0,27,46041,No
43,RGM1,RGM1,Both,0.9627722331122642,1.0536759812073875,0.10675286713039328,0.9149850402948191,1.0,319,45749,No
127,HSF1,HSF1,Both,0.9618468529993524,0.9682015127024988,-0.76352821046364,0.4451484447551387,1.0,706,45362,No
433,PIP2_r,PIP2,Reverse,0.9613158791122427,1.082769592480032,0.6348520605052647,0.5255249056842144,1.0,154,45914,No
370,NDT80_f,NDT80,Forward,0.9611906863035153,0.979427775497161,-1.526705071846587,0.12683436566937778,1.0,694,45374,No
387,YKL222C_f,YKL222C,Forward,0.9611293714552271,0.98888314893178,-1.222981555041734,0.22133666302920063,1.0,2497,43571,No
36,DAL82,DAL82,Both,0.9608697344532795,0.9953772689872885,-0.1779337167625891,0.8587750311946617,1.0,1186,44882,No
182,SFP1,SFP1,Both,0.9602613820463208,0.9738618087232725,-2.151000865679245,0.03147613135570776,1.0,5310,40758,No
110,CUP9,CUP9,Both,0.9599496775867128,0.951691523285095,-1.0811241190810201,0.27964190593019944,1.0,676,45392,No
329,SUM1_f,SUM1,Forward,0.9591878428059057,0.9427774552795618,-0.6080757930305802,0.5431372063347821,1.0,328,45740,No
574,SFP1_r,SFP1,Reverse,0.9584014975379919,0.9618608889696161,-2.4322074167090753,0.015007110649875711,0.9804645624585464,4356,41712,No
298,THI2_f,THI2,Forward,0.9569880379378106,1.0292892633383157,-0.28980309539785715,0.771966879660938,1.0,124,45944,No
277,HAC1_f,HAC1,Forward,0.9564777430359439,1.090707098624701,-0.2870926611151523,0.7740413713435966,1.0,243,45825,No
286,RFX1_f,RFX1,Forward,0.9564513874583676,1.096586224638927,0.39709659807283937,0.6912962284922917,1.0,179,45889,No
180,RDS1,RDS1,Both,0.9546518419551892,1.0617179915988983,0.0909359148024159,0.9275435125189286,0.9970668836583731,214,45854,No
572,RDS1_r,RDS1,Reverse,0.9546518419551892,1.0617179915988983,0.0909359148024159,0.9275435125189286,0.9970668836583731,214,45854,No
376,RDS1_f,RDS1,Forward,0.9546518419551892,1.0617179915988983,0.0909359148024159,0.9275435125189286,0.9970668836583731,214,45854,No
296,SWI4_f,SWI4,Forward,0.9528938723134883,0.9573792107927999,-1.5649403743404722,0.11759689072330495,1.0,1358,44710,No
163,ASG1,ASG1,Both,0.952696214752736,0.9426937831459641,-2.3479833083057313,0.018875367155553647,1.0,1033,45035,No
103,URC2,URC2,Both,0.9521938870634806,0.9110903107803712,0.019759483206558952,0.9842352392848285,1.0,71,45997,No
335,CIN5_f,CIN5,Forward,0.9514324052863169,0.9555653859938603,-2.5190481621928007,0.011767255980406366,0.9884495023541348,4563,41505,No
83,IME1,IME1,Both,0.9508903604820657,1.0059607033717004,-0.527696988361293,0.5977096638668953,1.0,396,45672,No
46,UPC2,UPC2,Both,0.9500305873098379,0.966748667735507,-0.821056352614157,0.4116141702180429,1.0,496,45572,No
315,RAP1_f,RAP1,Forward,0.9466214201870556,0.9604235121505584,-0.5553367787337882,0.5786643268172904,1.0,328,45740,No
186,SUT2,SUT2,Both,0.946498901348588,0.9782801570924308,-1.2131220836213046,0.22508314795666695,1.0,699,45369,No
453,NDD1_r,NDD1,Reverse,0.9459025720191934,0.9483767872572968,-1.8203342262475741,0.06870812220876411,1.0,1285,44783,No
39,MIG1,MIG1,Both,0.9427530057914033,0.9515635010267328,-1.5350091022615582,0.12478159220926778,1.0,426,45642,No
391,YRM1_f,YRM1,Forward,0.9422789439963866,0.9310705009019186,0.25826563953910153,0.7962019025786744,1.0,22,46046,No
107,ARO80,ARO80,Both,0.9417671548752455,0.9399873113924057,-1.301106101228527,0.19322213965884227,1.0,392,45676,No
253,MET4_f,MET4,Forward,0.9401111180452787,1.1327575093043778,-0.1852182482379371,0.8530578566965037,1.0,144,45924,No
266,ZAP1_f,ZAP1,Forward,0.93955561392404,0.9698903962514143,0.10948202414201692,0.912820178714608,1.0,5,46063,No
538,LEU3_r,LEU3,Reverse,0.9394296797153695,0.9117962776897616,-1.8729742749248632,0.06107193743153989,1.0,505,45563,No
435,RGM1_r,RGM1,Reverse,0.939178844607337,1.0362371204055747,-0.17347026508972382,0.8622817985525955,1.0,250,45818,No
483,RGT1_r,RGT1,Reverse,0.9381620299807261,0.9400512755753271,-1.1011510872291466,0.2708309056717777,1.0,153,45915,No
479,MET32_r,MET32,Reverse,0.9376289215507476,0.9840810813772399,-0.5122290827786411,0.6084906912350321,1.0,345,45723,No
231,DAL81_f,DAL81,Forward,0.9353450208365015,0.9582528618279694,-0.9879790008323682,0.3231629326142964,1.0,337,45731,No
41,PIP2,PIP2,Both,0.9306845347144498,1.051315430894137,0.2957321394183445,0.767434650719332,1.0,217,45851,No
35,DAL81,DAL81,Both,0.9298434273224124,0.9367677490400477,-1.7341446676565944,0.08289241775478426,1.0,593,45475,No
164,CEP3,CEP3,Both,0.9289326024857841,0.8276590458067966,-0.7551260885346136,0.4501733310531484,1.0,70,45998,No
57,MET4,MET4,Both,0.9281445096951104,1.0220813526366932,-0.516245763704049,0.6056827711940931,1.0,232,45836,No
242,UPC2_f,UPC2,Forward,0.9265143388804106,0.9309960838003782,-1.143294652927523,0.25291627432122876,1.0,306,45762,No
427,DAL81_r,DAL81,Reverse,0.9231280166921827,0.9231354312666403,-1.4880812526588547,0.13672946689092635,1.0,257,45811,No
91,RGT1,RGT1,Both,0.920972968294937,0.9411167198899094,-1.470435192136097,0.14144392592935867,1.0,290,45778,No
431,MIG1_r,MIG1,Reverse,0.9196039570444003,0.9318500574618751,-1.4979926815845366,0.13413515188697472,1.0,361,45707,No
146,LEU3,LEU3,Both,0.9182718495205111,0.8777475020033876,-2.992776244231752,0.0027645235141639545,0.8127699131642027,828,45240,No
555,ASG1_r,ASG1,Reverse,0.9155062205329764,0.896729157102978,-2.521393057251623,0.0116891200629742,1.0,517,45551,No
519,HSF1_r,HSF1,Reverse,0.9128013450332939,0.9307603526019339,-1.8997897640367514,0.057460714750892504,1.0,455,45613,No
449,MET4_r,MET4,Reverse,0.9090024956499291,0.9103377950368601,-0.6001209440249108,0.548425635375464,1.0,88,45980,No
232,DAL82_f,DAL82,Forward,0.9052385439134746,0.9081253595043436,-1.829168559453429,0.06737436086137542,1.0,558,45510,No
287,RGT1_f,RGT1,Forward,0.9020556271520382,0.9444471831070557,-0.950672278117252,0.34177076501394577,1.0,138,45930,No
475,IME1_r,IME1,Reverse,0.9017431550037034,0.9448156430752628,-1.1230092728883245,0.2614335562114446,1.0,244,45824,No
342,LEU3_f,LEU3,Forward,0.9011230364281632,0.872287028370292,-3.0792829615933393,0.0020749949841299257,1.0,669,45399,No
306,CUP9_f,CUP9,Forward,0.8987860239997385,0.9288771912263148,-0.7233569542808578,0.46946061004694994,1.0,95,45973,No
382,SUT2_f,SUT2,Forward,0.8933712309824436,0.9184238859026954,-1.0539546764262226,0.2919036682870686,1.0,179,45889,No
369,MIG3_f,MIG3,Forward,0.889079520383043,0.904820732120403,-0.9585786447830379,0.33777105495795723,1.0,77,45991,No
499,ARO80_r,ARO80,Reverse,0.8830971468684776,0.8629292965251496,-1.7072031763285314,0.08778429486462393,1.0,105,45963,No
237,PIP2_f,PIP2,Forward,0.8449070412423035,1.024134196964555,-0.6340395228889258,0.5260550292433301,1.0,64,46004,No
195,YRM1,YRM1,Both,0.8354945185556216,0.9459806732840985,-0.6195623412703182,0.5355459664937362,1.0,49,46019,No
360,CEP3_f,CEP3,Forward,0.8083210331044172,0.783332255999309,-1.3631474155214427,0.17283605585085726,1.0,43,46025,No
517,GAL80_r,GAL80,Reverse,0.8016134280177719,1.1282946101883338,-0.15505676529254767,0.8767765661690631,1.0,3,46065,No
299,URC2_f,URC2,Forward,0.7980226748517586,0.811081251175791,-1.082653464320683,0.27896226680434777,1.0,35,46033,No
587,YRM1_r,YRM1,Reverse,0.7486188665117585,0.9462169209116115,-1.067585906815171,0.2857073436030947,1.0,27,46041,No
385,TEA1_f,TEA1,Forward,0.73337529434018,0.7787673165426849,-0.653587665153637,0.513377493221358,1.0,11,46057,No
70,ZAP1,ZAP1,Both,0.6975171443181981,0.6642851631865327,-1.5478673175614215,0.12165424477831048,1.0,16,46052,No
462,ZAP1_r,ZAP1,Reverse,0.5875455844008449,0.6168027099329423,-1.9405144643508416,0.05231719804777595,1.0,11,46057,No
95,SNF1,SNF1,Both,,,,,,0,46068,No
291,SNF1_f,SNF1,Forward,,,,,,0,46068,No
487,SNF1_r,SNF1,Reverse,,,,,,0,46068,No
